sector,risk_score,centrality
Climate,0.904761438721735,0.6855465343974145
Economy,0.3117695675542947,5.422592707346499e-05
Geopolitics,0.64084023861339,5.024110662024188e-05
Migration,0.010452932623476062,2.643053100424798e-42
Social,0.9802859287431822,-0.32246119968252107
Trade,0.28411700197541595,-1.213561932006394e-05
Urban Infrastructure,0.7795678056603558,0.6527210110476838
