Sector,Climate,Economy,Geopolitics,Migration,Social,Trade,Urban Infrastructure
Climate,1.0,3.675972672637985e-16,3.776241608042963e-16,0.08071043768533752,-0.25489198672509494,-1.1026638749575503e-16,0.6742992058149179
Economy,3.675972672637985e-16,1.0,0.6476945835582806,6.899451878741716e-17,-5.368891607462443e-16,-0.28419035251147734,-1.0371659515063481e-16
Geopolitics,3.776241608042963e-16,0.6476945835582806,1.0,-2.44314065459903e-17,-5.470144729074452e-16,0.1464155912436216,-1.8270260428244558e-16
Migration,0.08071043768533752,6.899451878741716e-17,-2.44314065459903e-17,1.0,-0.06561981468844866,-1.6642015600276213e-17,-0.0008723203310924496
Social,-0.25489198672509494,-5.368891607462443e-16,-5.470144729074452e-16,-0.06561981468844866,1.0,1.0211447823550217e-16,-0.10869086734653458
Trade,-1.1026638749575503e-16,-0.28419035251147734,0.1464155912436216,-1.6642015600276213e-17,1.0211447823550217e-16,1.0,-5.2181720524191905e-17
Urban Infrastructure,0.6742992058149179,-1.0371659515063481e-16,-1.8270260428244558e-16,-0.0008723203310924496,-0.10869086734653458,-5.2181720524191905e-17,1.0
